S1	E1	S2	E2	Reference	Contig	IDY	Ambiguous	Best_group
734052	1096806	1	362758	gi_48994873_gb_U00096.2_	NODE_1_length_4636416_cov_44.921240	99.99		True
local misassembly
1096626	1298721	362759	564854	gi_48994873_gb_U00096.2_	NODE_1_length_4636416_cov_44.921240	99.99		True
relocation, inconsistency = 988219
2286941	2288135	566049	564855	gi_48994873_gb_U00096.2_	NODE_1_length_4636416_cov_44.921240	100.0		True
relocation, inconsistency = 415877
1298718	1871063	566050	1138395	gi_48994873_gb_U00096.2_	NODE_1_length_4636416_cov_44.921240	99.99		True
relocation, inconsistency = 105463
1976527	1977294	1138396	1139163	gi_48994873_gb_U00096.2_	NODE_1_length_4636416_cov_44.921240	100.0		True
relocation, inconsistency = -106240
1871055	2657929	1139164	1926042	gi_48994873_gb_U00096.2_	NODE_1_length_4636416_cov_44.921240	99.99		True
indel: stretch of mismatches
2657930	3706489	1926043	2974511	gi_48994873_gb_U00096.2_	NODE_1_length_4636416_cov_44.921240	99.98		True
local misassembly
3706658	4294345	2974512	3562198	gi_48994873_gb_U00096.2_	NODE_1_length_4636416_cov_44.921240	99.98		True
local misassembly
4294457	4639675	3562199	3907418	gi_48994873_gb_U00096.2_	NODE_1_length_4636416_cov_44.921240	100.0		True
fake: not a misassembly [linear representation of circular genome]
1	257907	3907419	4165324	gi_48994873_gb_U00096.2_	NODE_1_length_4636416_cov_44.921240	99.99		True
relocation, inconsistency = -238112
19796	20563	4165325	4166092	gi_48994873_gb_U00096.2_	NODE_1_length_4636416_cov_44.921240	100.0		True
relocation, inconsistency = 237336
257900	339154	4166093	4247346	gi_48994873_gb_U00096.2_	NODE_1_length_4636416_cov_44.921240	99.97		True
local misassembly
339340	356699	4247347	4264706	gi_48994873_gb_U00096.2_	NODE_1_length_4636416_cov_44.921240	99.95		True
local misassembly
356900	728608	4264707	4636416	gi_48994873_gb_U00096.2_	NODE_1_length_4636416_cov_44.921240	100.0		True
CONTIG	NODE_1_length_4636416_cov_44.921240	4636416	misassembled
728748	733425	1	4678	gi_48994873_gb_U00096.2_	NODE_2_length_4678_cov_59.239022	99.02		True
CONTIG	NODE_2_length_4678_cov_59.239022	4678	correct
CONTIG	NODE_3_length_542_cov_1.014374	542	unaligned
