S1	E1	S2	E2	Reference	Contig	IDY	Ambiguous	Best_group
728748	1096806	1	368062	gi_48994873_gb_U00096.2_	NODE_1_length_4641722_cov_44.938003	99.97		True
local misassembly
1096626	1298721	368063	570158	gi_48994873_gb_U00096.2_	NODE_1_length_4641722_cov_44.938003	99.99		True
relocation, inconsistency = 988219
2286941	2288135	571353	570159	gi_48994873_gb_U00096.2_	NODE_1_length_4641722_cov_44.938003	100.0		True
relocation, inconsistency = 415877
1298718	1871063	571354	1143699	gi_48994873_gb_U00096.2_	NODE_1_length_4641722_cov_44.938003	99.99		True
relocation, inconsistency = 105463
1976527	1977294	1143700	1144467	gi_48994873_gb_U00096.2_	NODE_1_length_4641722_cov_44.938003	100.0		True
relocation, inconsistency = -106240
1871055	2657929	1144468	1931347	gi_48994873_gb_U00096.2_	NODE_1_length_4641722_cov_44.938003	99.99		True
indel: stretch of mismatches
2657930	3706489	1931348	2979816	gi_48994873_gb_U00096.2_	NODE_1_length_4641722_cov_44.938003	99.98		True
local misassembly
3706658	4294345	2979817	3567504	gi_48994873_gb_U00096.2_	NODE_1_length_4641722_cov_44.938003	99.98		True
local misassembly
4294457	4639675	3567505	3912724	gi_48994873_gb_U00096.2_	NODE_1_length_4641722_cov_44.938003	100.0		True
fake: not a misassembly [linear representation of circular genome]
1	257907	3912725	4170630	gi_48994873_gb_U00096.2_	NODE_1_length_4641722_cov_44.938003	99.99		True
relocation, inconsistency = -238112
19796	20563	4170631	4171398	gi_48994873_gb_U00096.2_	NODE_1_length_4641722_cov_44.938003	100.0		True
relocation, inconsistency = 237336
257900	339154	4171399	4252652	gi_48994873_gb_U00096.2_	NODE_1_length_4641722_cov_44.938003	99.97		True
local misassembly
339340	356699	4252653	4270012	gi_48994873_gb_U00096.2_	NODE_1_length_4641722_cov_44.938003	99.95		True
local misassembly
356900	728608	4270013	4641722	gi_48994873_gb_U00096.2_	NODE_1_length_4641722_cov_44.938003	100.0		True
CONTIG	NODE_1_length_4641722_cov_44.938003	4641722	misassembled
CONTIG	NODE_2_length_542_cov_1.014374	542	unaligned
